Kod;Kapanış (TL);Günlük Getiri (%);Haftalık Getiri (%);Aylık Getiri (%);Yıl İçi Getiri (%)
A1CAP;16,48;2,36;-0,54;33,77;39,66
A1YEN;31,08;0,91;0,26;-2,33;7,54
ACSEL;116,6;4,39;12,88;14,76;19,34
ADEL;37,02;5,53;8,25;13,14;12,18
ADESE;1,19;0,85;-14,39;-30;-21,71
ADGYO;63,6;2,33;-5;15,64;44,61
AEFES;20,56;1,88;4,68;25,37;30,87
AFYON;14,83;2,7;1,37;10,26;14,25
AGESA;243,4;0,04;0,83;16,63;10,04
AGHOL;35,92;2,92;4,91;15,57;25,16
AGROT;3,24;2,53;2,53;-1,82;9,09
AGYO;7,8;1,3;2,5;6,27;10,17
AHGAZ;25,66;1,99;-1,53;18,14;14,04
AHSGY;25,5;5,37;9,44;15,91;52,51
AKBNK;85,45;1,91;-6,05;16,26;22,42
AKCNS;208,1;6,55;6,99;27,12;25,82
AKENR;11,27;1,81;3,97;1,35;0
AKFGY;2,98;0,68;-2,3;4,56;15,95
AKFIS;22,46;1,26;-0,62;8,71;11,3
AKFYE;19,21;0,95;-6,57;8,96;17,06
AKGRT;8,38;0,72;-0,48;18,03;23,24
AKHAN;26;9,98;-;-;-
AKMGY;219,5;1,25;-0,9;10,3;10,91
AKSA;10,88;2,64;-0,09;8,37;10,79
AKSEN;68,3;1,19;-6,37;-0,44;-5,79
AKSGY;8,67;2,36;-1,37;4,33;15,14
AKSUE;23,14;2,12;-0,34;2,84;-11
AKYHO;2,95;2,79;3,87;10,49;7,66
ALARK;114,1;2,61;8,77;15,54;11,86
ALBRK;9,09;3,06;0,89;12,08;15,65
ALCAR;905;2,2;3,78;6,28;6,22
ALCTL;140,5;2,11;-2,23;23,79;35,75
ALFAS;41,86;1,8;3,56;3,61;2,55
ALGYO;5,3;0,19;0,95;3,72;24,71
ALKA;13,22;1,77;0,92;-6,57;24,95
ALKIM;19,65;3,97;2,18;-6,61;6,79
ALKLC;248;-2,75;-7,29;21,75;16,65
ALTNY;15,93;1,85;0,38;-7,17;8,74
ALVES;4,06;2,78;6,84;54,96;57,98
ANELE;16,49;2,04;0,98;-6,31;-1,2
ANGEN;11,4;1,88;-1,13;5,46;5,46
ANHYT;117,1;1,47;-1,51;20,04;19,19
ANSGR;27,08;0,67;-3,42;10,35;16,72
ARASE;82,5;0,98;0,36;7;10,15
ARCLK;124,7;1,38;8,43;13,67;23,47
ARDYZ;44,54;1,97;-3,17;7,9;34
ARENA;28,08;-1,89;-4,23;-7,39;-0,78
ARFYE;31,3;9,98;9,59;-9,17;-
ARMGD;87;0,12;4,44;5,26;23,67
ARSAN;4,57;2,24;-1,51;15,4;20,26
ARTMS;40,72;4,41;10,89;15,81;8,47
ARZUM;2,83;9,69;12,75;25,22;14,11
ASELS;292;1,39;-2,5;3,18;26,03
ASGYO;11,5;2,13;1,5;1,23;5,99
ASTOR;160,9;5,86;4,08;18,57;37,64
ASUZU;64,5;1,49;7,5;7,86;13,06
ATAGY;13,5;0,67;0;-2,1;-12,79
ATAKP;57,6;2,58;0,88;9,82;10,24
ATATP;155,9;4,14;-1,33;19,28;17,31
ATEKS;111,1;10;43,35;7,76;-35,71
ATLAS;9,97;9,92;2,57;59,78;69,85
ATSYH;63,2;3,61;13,16;-3,07;-15,96
AVGYO;12,7;4,96;9,01;30,26;33,83
AVHOL;39,26;2,94;1,6;0,26;6,17
AVOD;5,11;0;-0,78;28,39;39,24
AVPGY;54,8;2,05;-1,62;-4,2;5,38
AVTUR;17,92;-0,61;3,29;16,44;17,12
AYCES;505;0,8;3,7;10,75;22,57
AYDEM;26,12;0,54;1,16;18,84;15,88
AYEN;28,24;3,82;1,29;11,09;13,78
AYES;24,02;8,49;29,84;26,02;36,87
AYGAZ;230,5;-0,3;3,09;12,88;15,89
AZTEK;4,78;3,02;-4,21;13,81;16,02
BAGFS;30,34;2,22;0,53;18,89;18,33
BAHKM;136,8;6,05;38,88;58,7;100,29
BAKAB;41,22;3,93;3,15;9,86;10,51
BALAT;107;3,88;7;13,05;-1,11
BALSU;16,56;0,3;4,28;2,22;-4,22
BANVT;176,9;4,67;3,75;3,51;9,2
BARMA;45,2;0,44;9,18;35,01;19,83
BASCM;16;0,06;3,96;18,69;17,04
BASGZ;45,16;2,03;-1,87;6,46;-2,97
BAYRK;4,64;1,98;0,43;-14,23;-12,62
BEGYO;4,79;0,21;1,05;0,63;2,13
BERA;21,1;7,11;15,3;13,75;20,57
BESLR;14,27;1,93;-3,65;13,07;16,58
BEYAZ;29,68;1,78;-0,74;-2,43;9,6
BFREN;164,2;-0,48;4,65;6,49;6,28
BIENY;24,42;2,35;3,39;6,92;-2,55
BIGCH;56,8;3,46;3,46;26,79;12,25
BIGEN;10,11;6,2;7,9;13,6;13,6
BIGTK;312,25;9,95;9,56;10,34;1,88
BIMAS;704;3,07;5,79;13,73;31,22
BINBN;207,6;9,96;14,51;14,82;15,33
BINHO;10,73;9,94;21,93;21,66;21,52
BIOEN;19,98;3,9;5,77;19,28;19,64
BIZIM;32,54;3,11;-0,73;18,59;25,64
BJKAS;1,6;2,56;1,27;-1,23;-1,84
BLCYT;47,34;2,33;16,89;21,14;47,2
BLUME;46,2;3,17;-1,28;3,63;-12
BMSCH;18,34;-0,43;-2,13;-12,58;-39,67
BMSTL;110,9;-1,42;8,3;23,43;21,94
BNTAS;6,69;2,76;0,3;3,56;5,69
BOBET;20,92;2,05;-1,41;2,15;11,16
BORLS;2,78;5,7;3,73;-13,93;-29,8
BORSK;6,34;2,59;0,96;8,19;11,23
BOSSA;7,09;3,65;2,6;11,65;12,72
BRISA;93,8;1,63;2,57;9,64;9,13
BRKO;14,5;7,41;27,19;58,47;54,26
BRKSN;9,07;2,6;9,28;18,1;24,25
BRKVY;114,3;0,7;-4,67;11,4;16,4
BRLSM;15,58;0,84;3,18;12,82;18,3
BRMEN;10,6;4,43;3,92;-8,86;24,27
BRSAN;726;6,76;13,35;26,92;30,81
BRYAT;2387;2,45;5,25;8,95;8,5
BSOKE;29,58;4,89;5,64;52,08;81,47
BTCIM;4,85;0,41;-0,61;23,1;27,3
BUCIM;6,85;1,03;-0,58;-3,52;-14,38
BULGS;46,98;3,03;-0,93;7,21;7,26
BURCE;62,75;-4,2;-10,55;-22,48;8,66
BURVA;819;0,06;29,38;6,23;30
BVSAN;119,4;4,55;5,2;18,33;18,22
BYDNR;39,38;5,46;13,16;33,85;47,16
CANTE;1,82;1,68;1,68;5,81;8,33
CASA;102,1;2,51;-3,31;-5,46;-4,49
CATES;41,54;1,32;-1,1;16,42;26,03
CCOLA;75,5;3,5;3;21,38;28,4
CELHA;10,66;4,51;-0,37;-2,65;0,47
CEMAS;5,92;-1,33;-7,5;46,17;46,53
CEMTS;12,51;3,22;0,72;10,12;11,2
CEMZY;63,35;3,68;0,88;11,34;47,33
CEOEM;22,2;2,78;-0,27;-2,8;-6,49
CGCAM;39,04;5,23;-4,55;14,42;7,25
CIMSA;52,25;3,16;0;14,53;12,37
CLEBI;1852;2,21;0,98;15,82;21,6
CMBTN;1971;3,41;3,9;3,57;1,34
CMENT;359,75;4,58;7,07;3,15;4,58
CONSE;3,56;7,88;8,21;18,67;21,92
COSMO;225,7;0,31;1,9;-22,77;-21,56
CRDFA;75;2,46;10,29;13,64;15,83
CRFSA;131,5;4,37;-0,98;13,36;13,85
CUSAN;31,14;2,43;15,33;36,1;47,58
CVKMD;43,32;2,9;9,62;46,35;63,72
CWENE;32,2;1,58;-0,92;15;14,84
DAGI;6,36;2,09;5,47;4,09;-15,31
DAPGM;11,76;4,07;13,95;1,73;-0,84
DARDL;2,35;1,73;-5,24;6,82;7,8
DCTTR;8,18;0,99;0,62;0,86;-10,01
DENGE;2,79;0,36;-0,36;-9,42;-8,22
DERHL;14,19;-0,56;-9,56;6,53;7,99
DERIM;39,56;4,93;6,92;13,61;7,56
DESA;12,1;2,11;0,83;4,94;7,94
DESPC;48,6;2,75;-0,94;10,2;5,29
DEVA;75,55;0,67;8,71;18,32;20,49
DGATE;71,9;-1,51;-10,13;1,91;1,7
DGGYO;31,54;0,32;-0,13;0,51;-0,76
DGNMO;5,25;5,21;0,96;9,15;9,6
DIRIT;25,56;2,32;0,24;0,24;-7,39
DITAS;45,36;-10;-11,15;16,43;45,15
DMRGD;4,05;4,38;16,38;24,23;22,36
DMSAS;9,25;0,33;-1,07;1,2;-8,14
DNISI;23,56;3,61;8,47;20,94;22,84
DOAS;241;4,6;7,49;10,96;28,12
DOCO;10147,5;0,07;-0,27;-4,45;-1,81
DOFER;32,5;0,12;-6,61;-22,8;-40,26
DOFRB;95,1;0,42;-13,62;11,82;21,77
DOGUB;35,2;10;8,71;-20,9;-27,3
DOHOL;21;1,16;-2,33;12,66;23,89
DOKTA;25,92;1,65;-2,11;8,27;7,91
DSTKF;855,5;0,35;3,38;29,62;54,14
DUNYH;116,9;5,03;4,84;7,44;0,52
DURDO;3,78;3;-1,31;-2,83;3,85
DURKN;18,92;9,3;5,11;14,67;26,72
DYOBY;14,23;2,52;2,01;8,96;9,97
DZGYO;9,1;3,88;1,45;14,18;21,5
EBEBK;62,35;2,72;2,97;7,41;12,04
ECILC;118,8;10;3,21;18,56;45,23
ECOGR;24,88;4,01;-5,69;0,81;11,57
ECZYT;331,25;6,08;1,77;5,33;15,42
EDATA;10,35;7,81;11,77;24,4;70,79
EDIP;37,72;2,89;3,57;7,4;9,65
EFOR;22,46;-3,11;1,08;-13,35;-7,19
EGEEN;7302,5;1,56;-0,75;-4,01;-9,82
EGEGY;32,84;0,86;2,56;20,74;24,77
EGEPO;11,36;5,19;7,98;29,09;38,71
EGGUB;97,1;1,68;2;4,75;4,63
EGPRO;26,52;5,24;4,33;-0,15;9,5
EGSER;3,28;2,82;4,46;10,07;9,7
EKGYO;25,02;5,3;-0,08;16,26;22,41
EKIZ;129,8;-0,15;-4,56;0,08;-11,64
EKOS;5,87;1,21;-1,34;7,31;-0,17
EKSUN;5,75;1,23;-2,54;5,89;8,9
ELITE;32,8;0,55;-1,86;18,33;16,07
EMKEL;21,94;-0,45;6,09;-5,02;-36,41
EMNIS;168,5;3,82;3;-0,71;6,65
ENDAE;15,44;5,18;5,03;7;9,43
ENERY;9,53;1,17;-2,16;3,7;-0,63
ENJSA;107,8;1,51;2,86;14,68;19,31
ENKAI;97,25;2,91;3,02;22,82;24,62
ENSRI;27,5;0;5,93;43,23;59,79
ENTRA;11,61;6,81;7,5;9,63;13,82
EPLAS;6,74;-3,71;-5,47;27,17;33,47
ERBOS;214,5;2,09;3,67;9,89;19,17
ERCB;62,5;0,81;-11,1;-9,35;-11,22
EREGL;30;3,38;8,93;20,58;25,94
ERSU;17,98;1,75;0,73;-1,75;-2,39
ESCAR;28;1,45;-0,85;6,71;10,5
ESCOM;3,85;4,9;6,94;5,19;4,05
ESEN;3,94;1,03;1,29;-31,48;-11,26
ETILR;4,09;1,24;-0,49;6,51;9,36
ETYAT;25,94;-2,04;6,75;-5,05;17,16
EUHOL;13,47;3,14;-3,79;12,25;21,35
EUKYO;16,85;2,25;6,38;5,25;-1,92
EUPWR;40,5;2,02;0;8,06;23,48
EUREN;5,41;6,92;7,55;-10,58;-14,67
EUYO;18,45;3,42;18,5;31,79;32,26
EYGYO;3,41;0,29;-9,31;-13,45;-10,03
FADE;16,29;3,69;4,09;17,87;22,11
FENER;3,31;-0,9;1,22;7,47;-3,22
FLAP;9,18;2,57;-0,33;3,85;2,8
FMIZP;335,25;4,68;4,36;5,26;5,42
FONET;3,28;4,13;0;10,44;17,56
FORMT;3,57;-3,77;10,87;19;11,91
FORTE;89,45;2,76;-4,08;-8,35;10,71
FRIGO;8,88;0,34;11,42;17,46;17,93
FRMPL;38,88;3,4;0,1;-;-
FROTO;119,4;3,2;4,92;20,85;28,87
FZLGY;12,52;4,16;4,16;-18,75;-2,8
GARAN;157,2;1,55;-1,81;7,97;9,55
GARFA;28,62;0;-5,67;3,17;3,02
GEDIK;6,12;3,73;2,34;3,73;7,37
GEDZA;29,42;2,65;0,34;6,13;4,85
GENIL;125;3,39;0,89;-25,77;-37,19
GENTS;10,48;1,45;-14,87;8,38;10,08
GEREL;19,65;9,96;12,29;1,66;3,8
GESAN;57,05;3,63;5,16;14,37;22,95
GIPTA;58,25;0,6;-0,51;-11,81;-15,95
GLBMD;13,16;2,33;4,03;2,17;-3,94
GLCVY;76,4;2;5,38;-0,84;-4,5
GLRMK;189,3;2,38;-2,72;6,95;8,17
GLRYH;4,61;-0,43;6,96;16,41;23,26
GLYHO;15,32;0,07;1,79;24,55;28,2
GMTAS;27;4,01;10,47;0,82;20,81
GOKNR;22,22;2,68;-2,2;5,11;12,51
GOLTS;367;3,97;3,67;11,21;17,07
GOODY;16,17;2,93;1,89;8,23;10
GOZDE;26,5;2,32;0,53;16,13;22,01
GRNYO;18,01;0,84;0,61;20,07;20,23
GRSEL;362;2,99;2,55;9,7;13,13
GRTHO;247,6;-2,04;15,7;-0,96;-13,88
GSDDE;10,3;4,15;3,62;0,1;0,29
GSDHO;5,2;5,69;0,97;14,54;13,79
GSRAY;1,2;3,45;0;4,35;3,45
GUBRF;518;-0,19;6,97;35,69;48,85
GUNDG;239;2,22;8,54;-6,73;-5,25
GWIND;27,08;3,2;3,28;8,76;21,22
GZNMI;48,98;8,6;7,65;15,63;-14,07
HALKB;45,1;3,87;3,82;9,89;22,62
HATEK;15,69;3,56;3,16;2,89;8,36
HATSN;42,44;-4,67;2,27;7,33;9,83
HDFGS;3,45;9,87;15,77;-14,6;9,52
HEDEF;69,4;9,98;36,21;16,35;73,07
HEKTS;3,3;3,77;0,92;12,24;7,84
HKTM;13,97;-1,62;21,06;23,52;28,17
HLGYO;4,56;2,01;-1,51;10,68;21,6
HOROZ;65,6;4,29;6,75;6,84;2,66
HRKET;86,95;5,59;6,23;20,1;23,95
HTTBT;44,98;0,94;-1,88;6,08;7,2
HUBVC;3,89;7,16;20,43;46,79;56,22
HUNER;3,39;3,99;2,73;9;9,71
HURGZ;5,61;0,54;-1,75;7,68;4,08
ICBCT;14,34;1,63;0,49;2,14;9,47
ICUGS;2,64;0,76;-1,86;-0,38;1,15
IDGYO;4,19;1,21;-1,41;10,26;15,11
IEYHO;77,5;0,45;1,77;11,11;16,45
IHAAS;43,48;-9,98;-38,54;6,46;5,79
IHEVA;2,39;3,02;0,42;7,66;7,66
IHGZT;1,57;1,95;0;1,29;0,64
IHLAS;2,3;0,88;-0,43;0,44;1,77
IHLGM;2,06;1,98;0;0,98;0,49
IHYAY;1,94;2,65;-1,02;0,52;-1,02
IMASM;4,48;2,52;-6,67;-7,25;-4,48
INDES;8,47;1,93;-1,4;13,39;7,76
INFO;4,3;3,12;-2,93;9,69;22,86
INGRM;429,5;0,76;0,82;4,12;4,5
INTEK;268;0,56;-0,74;2,19;-0,37
INTEM;397,5;3,25;6,28;44,28;44,02
INVEO;9,31;2,76;0,76;9,53;11,63
INVES;244,8;6,9;0,04;-30,45;-29,35
ISATR;4950000;0;0;0;0
ISBIR;83;-0,3;0;-6,69;-2,92
ISBTR;459997,5;0;4,54;2,01;3,36
ISCTR;16,98;2,97;0,83;17,51;20,51
ISDMR;45,72;5,15;12,28;22,77;29,67
ISFIN;20,28;1,4;-6,02;13,3;24,04
ISGSY;89,05;4,89;20,66;24,89;30,76
ISGYO;23,68;1,98;-0,92;9,94;12,76
ISKPL;11,22;0,99;-1,15;0,45;-3,61
ISKUR;3000000;0;0;-16,67;-16,67
ISMEN;47,8;2,71;0,55;16,08;20,65
ISSEN;7,56;1,75;-0,53;4,56;4,71
ISYAT;9,49;-0,11;4,06;11,65;9,08
IZENR;9,6;0,1;0,52;4,23;2,24
IZFAS;55,4;-1,07;2,03;3,36;-2,12
IZINV;65,6;1;0,15;-1,94;2,5
IZMDC;7,84;2,48;0,51;14,96;15,98
JANTS;19,49;0,93;0,26;-0,76;4,73
KAPLM;396;1,28;-0,94;32,77;32
KAREL;9,18;2;-0,43;1,32;9,29
KARSN;10,4;3,79;4,63;12,31;13,04
KARTN;83,65;4,43;4,63;5,29;7,8
KATMR;2,88;1,77;-0,35;-4,64;3,23
KAYSE;5,17;4,87;4,66;6,16;19,12
KBORU;18,35;3,32;12,23;29,23;26,55
KCAER;11,27;2,73;0,81;4,84;6,82
KCHOL;210,3;2,49;2,74;11,27;24,59
KENT;612;9,97;18,39;31,07;28,32
KERVN;2,05;0;-0,49;-3,76;-8,48
KFEIN;9,6;3,9;2,45;9,84;10,34
KGYO;7,11;-0,56;-0,42;32,16;41,92
KIMMR;15,75;2,21;-0,32;15,13;18,6
KLGYO;6,87;3,31;-6,4;-13,37;12,81
KLKIM;42;1,2;4,53;14,82;18,64
KLMSN;30;2,25;1,42;3,38;-4,7
KLNMA;9,2;0,33;0,11;-3,16;-7,07
KLRHO;576,5;2,04;2,49;44,13;88,24
KLSER;28,68;1,34;3,61;6,22;7,58
KLSYN;7,96;4,05;6,13;8,15;11,64
KLYPV;64,6;-2,12;4,03;12,54;18,1
KMPUR;15,83;3,26;-0,19;5,67;0,06
KNFRT;12,44;-0,72;4,54;8,36;-4,6
KOCMT;2,72;2,64;1,49;3,03;9,24
KONKA;16,19;3,19;6,3;5,4;3,19
KONTR;10,07;2,34;5,01;-0,79;-12,59
KONYA;4530;2,14;1,85;0,33;-1,04
KOPOL;5,95;-0,5;2,23;13,12;11,84
KORDS;55,1;2,51;1,85;10,38;13,7
KOTON;17,35;-3,34;2,42;8,44;11,22
KRDMA;29,22;3,47;4,36;13,96;22,36
KRDMB;33,78;2,36;1,93;32,06;47,77
KRDMD;30,2;2,65;3,28;9,58;19,56
KRGYO;3,13;1,29;4,33;4,68;9,82
KRONT;15,69;3,91;2,55;1,23;21,91
KRPLS;8,87;3,74;2,42;9,1;14,01
KRSTL;11,82;4,88;-0,76;16,8;26,15
KRTEK;26,74;1,67;0;7,13;8
KRVGD;3,06;3,38;1,32;4,44;10,87
KSTUR;3297,5;-0,3;-3,3;-5,58;12,35
KTLEV;37,66;4,26;0,97;20,55;75,65
KTSKR;77,8;2,64;10,59;16,03;3,73
KUTPO;111,4;2,39;5,89;2,48;6,5
KUVVA;118,9;-0,34;-4,88;-16,85;-14,64
KUYAS;61,3;9,96;15,01;7,45;14,58
KZBGY;12,87;2,31;-6,4;-0,31;18,07
KZGYO;25,9;1,17;-1,15;4,52;11,64
LIDER;75,45;0,47;6,72;2,51;7,79
LIDFA;3,08;1,65;-2,22;29,41;31,62
LILAK;33,86;1,62;8,8;8,25;16,76
LINK;240;0,17;6,67;3,63;10,65
LKMNH;17,19;2,57;-0,58;-2,88;-10,42
LMKDC;31,96;3,43;-0,13;7,97;12,93
LOGO;157,2;2,75;-1,69;0,7;4,45
LRSHO;4,14;1,22;-3,72;-15,16;5,34
LUKSK;109,9;2,23;0,64;-5,18;6,8
LYDHO;186,9;3,26;3,72;15,23;11,25
LYDYE;14140;1,11;1;2,09;1,42
MAALT;999;1,37;8;7,36;10,75
MACKO;27,06;1,73;-3,91;9,11;-12,43
MAGEN;44,22;6,04;4,59;5,44;16
MAKIM;16,9;3,05;2,74;12,07;13,04
MAKTK;17,02;4,67;2,35;19,86;10,16
MANAS;11,38;9,95;14,95;14,49;35,96
MARBL;13,84;1,91;0,8;3,52;12,8
MARKA;36,12;4,09;4,27;3,61;-2,8
MARMR;3,01;-2,27;5,24;62,7;91,72
MARTI;2,86;4,38;-0,35;3,62;6,72
MAVI;48,32;3,69;2,9;7,38;11,03
MEDTR;30,1;1,42;0,13;5,1;4,66
MEGAP;2,9;0,35;-1,69;-7,64;-12,12
MEGMT;69,9;2,42;8,88;26,06;29,21
MEKAG;5,1;3,66;7,37;34,21;31,78
MEPET;22,68;2,62;-6,82;32,09;48,53
MERCN;18,44;5,07;13,69;13,9;6,71
MERIT;18,03;7,83;9,14;1,35;0,73
MERKO;16,83;0,66;4,53;19,79;23,75
METRO;5,61;4,47;2,94;23,03;41,31
MEYSU;14,91;1,77;5,15;-;-
MGROS;670,5;2,68;5,26;13,36;28,45
MHRGY;3,74;2,19;6,86;5,95;8,41
MIATK;36,76;1,1;0,82;-0,65;-6,75
MMCAS;117,1;2,63;21,28;-11,42;-13,19
MNDRS;14,93;3,25;0,81;1,01;11,5
MNDTR;6,72;1,66;-1,03;-0,3;2,28
MOBTL;10,58;1,63;4,03;9,64;16,78
MOGAN;9,08;2,6;3,53;8,74;10,87
MOPAS;55;0,18;5,77;44,66;36,82
MPARK;458,75;1,16;2,4;15,77;20,57
MRGYO;2,64;1,15;-2,94;-3,3;10,46
MRSHL;1576;0,7;1,81;0,45;0,51
MSGYO;6,23;3,83;2,81;5,24;0,48
MTRKS;22,96;1,59;-3,61;7,59;4,46
MTRYO;10,8;4,75;-1,64;-10;25,14
MZHLD;6,66;0,91;0,3;7,42;6,39
NATEN;8,4;0,84;-0,12;-11,39;-3,11
NETAS;64,5;3,7;-1,98;4,88;13,56
NETCD;61,2;9,97;-;-;-
NIBAS;3,67;1,94;-3,93;7,94;1,38
NTGAZ;11,32;1,34;-2,67;12,3;7,81
NTHOL;48,2;4,1;2,38;3,21;-0,54
NUGYO;10,72;1,9;2,1;-6,38;-3,42
NUHCM;245,5;2,38;3,81;9,79;10,14
OBAMS;7,83;-2,61;-8,95;-9,48;-1,63
OBASE;39,94;2,99;0,76;11,75;28,59
ODAS;5,9;3,15;3,87;15,01;16,37
ODINE;350,5;-0,78;0,57;9,19;15,11
OFSYM;74,45;6,05;3,4;0,54;7,74
ONCSM;295;1,46;-2,64;10,07;12,17
ONRYT;68,75;1,18;-0,29;-4,11;8,27
ORCAY;3,84;1,32;1,59;0;6,67
ORGE;72,1;3,3;2,34;7,45;4,95
ORMA;167,5;4,56;4,75;0,36;-0,83
OSMEN;8,37;2,32;1,58;4,63;7,03
OSTIM;3,11;0,97;-1,27;0,97;4,71
OTKAR;462,25;5,42;7,56;-9,45;-4,89
OTTO;330;0,61;-3,15;-37,14;-29,79
OYAKC;26,46;2,88;-0,53;7,3;14,84
OYAYO;52,5;-0,38;-1,87;2,94;-3,58
OYLUM;8,43;0,72;0,48;-3,99;-9,55
OYYAT;52,8;6,28;8,69;34,01;30,37
OZATD;168;9,3;7,55;5;5,4
OZGYO;2,17;5,34;3,33;4,83;5,34
OZKGY;15,24;3,53;-0,33;2,63;7,17
OZRDN;20,18;2,54;11,92;66,09;47,08
OZSUB;20,7;1,67;5,08;20,28;15,58
OZYSR;49,98;-0,44;8,46;24,2;20,96
PAGYO;93,65;4,52;4,11;8,33;13,72
PAHOL;1,69;1,2;-4,52;8,33;9,03
PAMEL;91,4;3,8;1,44;10,52;11,4
PAPIL;18,42;2,45;-3,91;6,91;14,91
PARSN;103,5;2,17;4,86;3,5;-0,48
PASEU;158,9;2,58;9,59;2,85;17,27
PATEK;20,46;4,82;5,57;-7,5;-7,08
PCILT;23,5;3,07;0,6;6,05;6,14
PEKGY;10,1;0,8;0,3;-11,01;-19,84
PENGD;9,08;3,77;2,71;12,66;19,63
PENTA;14,37;2,72;0;6,84;9,78
PETKM;18,73;5,76;5,11;10,37;15,4
PETUN;13,08;1,4;-1,73;12,76;16,79
PGSUS;209,2;1,06;3,21;2,35;9,13
PINSU;11,47;0,7;-2,38;1,06;2,69
PKART;72,7;2,61;3,56;1,25;-0,89
PKENT;151,5;3,41;3,7;2,5;-20,26
PLTUR;22,16;2,5;4,33;4,92;-2,29
PNLSN;43,64;4,15;6,18;16,56;17,63
PNSUT;12,86;-0,23;-9,75;14,82;16,27
POLHO;17,19;1,06;-5,34;6,57;6,7
POLTK;6327,5;0,52;1,08;2,3;-32
PRDGS;7,26;4,16;11,18;9,5;19,41
PRKAB;64,6;9,96;34,64;109,88;110,7
PRKME;21,32;4,41;1,23;18,77;15,37
PRZMA;11,85;1,8;-8,71;-5,2;4,31
PSDTC;129,6;4,68;4,43;-8,41;-7,82
PSGYO;2,55;0,79;-6,93;-7,94;2,41
QNBFK;55,5;-1,16;-1,16;-7,5;-1,42
QNBTR;292;-2,01;2,82;-9,55;6,18
QUAGR;2,9;7,81;10,27;18,37;1,75
RALYH;173,5;2,91;-7,76;-22,58;-24,14
RAYSG;226;2,36;1,21;4,39;4,63
REEDR;6,78;1,35;-1,88;0;2,57
RGYAS;156,5;2,09;-0,82;11,15;13,57
RNPOL;44,22;3,85;-1,73;15,16;4,29
RODRG;22,5;2,27;2,83;3,97;5,63
RTALB;4,12;1,73;5,1;18,39;20,12
RUBNS;32,12;10;1,45;11,68;38,69
RUZYE;12,66;2,76;0,48;12,04;13,04
RYGYO;30,14;2,52;6,35;24,24;43,52
RYSAS;19,89;0,96;9,53;29,41;36,7
SAFKR;28,36;-2,94;-0,42;11,48;20,78
SAHOL;105,5;2,03;-2,5;13,32;25,22
SAMAT;5,92;2,96;2,96;4,41;-0,17
SANEL;39,32;-7;11,7;2,93;6,5
SANFM;7,34;1,38;-2,13;3,97;1,8
SANKO;22,76;2,71;1,79;9,11;11,9
SARKY;42,36;3,67;1,34;54,04;135,86
SASA;2,53;4,55;-0,39;8,12;-8,99
SAYAS;41,8;4,34;5,03;2,45;6,47
SDTTR;193;-0,72;-3,5;-5,44;8,98
SEGMN;47,84;3,82;24,26;141,62;159,86
SEGYO;4,96;2,69;14,02;-6,24;-4,62
SEKFK;9,94;-3,5;8,63;24,41;24,25
SEKUR;5,12;8,7;45,04;41,44;44,23
SELEC;84,3;4,59;6,64;3,75;-3,1
SELVA;2,59;-1,15;-8,16;-28,45;4,44
SERNT;8,33;2,33;2,84;5,58;6,79
SEYKM;5,27;2,13;-3,3;8,21;4,77
SILVR;2,88;2,13;-1,37;3,23;-2,04
SISE;48,28;1,6;6,44;22,23;25,79
SKBNK;9,75;7,14;11,05;25,81;25,32
SKTAS;3,82;1,87;-2,55;2,96;0,79
SKYLP;309;-2,98;2,32;34,82;23,65
SKYMD;12,28;1,15;0,41;-0,49;4,33
SMART;23,38;2,54;2,19;5,89;7,15
SMRTG;8,01;1,01;1,91;6,94;4,43
SMRVA;66,25;1,69;-4,95;-35,8;-42,44
SNGYO;5,03;4,79;-1,76;1,21;10,79
SNICA;4,49;1,81;8,45;3,46;5,4
SNPAM;24,16;0,67;1,26;-7,79;-0,74
SODSN;12;2,74;-4,84;-5,81;-3,07
SOKE;13,18;1,07;2,01;18,74;27,47
SOKM;64,9;3,76;-0,08;18,54;27,13
SONME;156,1;0,64;-1,45;-14,47;-10,18
SRVGY;3,42;3,64;1,48;-0,58;7,89
SUMAS;296;0;9,63;2,25;5,43
SUNTK;40,58;0,45;0;-1,5;-33,37
SURGY;51,95;0,87;8,68;23,34;18,07
SUWEN;8,68;2;-1,59;-7,66;-11,43
TABGD;256;1,49;-6,23;12,43;22,43
TARKM;415,25;-0,54;-7,1;20,54;27,77
TATEN;10,39;-1,05;-8,05;-4,68;-18,83
TATGD;14,38;2,64;1,34;14,04;22,38
TAVHL;366,75;2,37;6,15;11,98;22,97
TBORG;176;0,46;1,85;10,9;4,14
TCELL;117;2,36;3,08;17,53;25,67
TCKRC;89,2;2,35;0,22;10,6;52,74
TDGYO;25,7;-0,62;-20,38;-37,47;-32,33
TEHOL;13,79;-1,22;3,3;-32,93;-56,22
TEKTU;9,38;2,51;7,69;12,88;1,96
TERA;212;0;2,42;25,82;23,26
TEZOL;14,05;2,48;9,42;16,31;18,57
TGSAS;163,9;1,55;1,17;0,61;-3,59
THYAO;329,5;2,17;7,77;13,04;22,72
TKFEN;84,5;7,57;11,99;18,18;20,03
TKNSA;24,44;1,92;-1,93;7,29;11,39
TLMAN;102,5;3,22;1,08;8,87;6,16
TMPOL;415;0,3;14,25;5,4;42,49
TMSN;112,9;4,54;2,26;10,79;12,45
TNZTP;26,12;6,27;-3,26;1,08;27,79
TOASO;317;0,96;-1,17;13,11;28,34
TRALT;48,34;5,18;-1,75;3,56;17,96
TRCAS;51,3;-0,87;6,48;27,61;22,49
TRENJ;101,9;2,26;-0,29;2,36;9,51
TRGYO;83,6;1,27;-2,51;3,59;12,97
TRHOL;728;-1,36;10,55;-2,87;24,76
TRILC;18,5;3,06;0,76;7,75;15,05
TRMET;131,5;2,98;-0,45;11,91;25,96
TSGYO;7,9;3,4;5,33;15,16;16,01
TSKB;13,38;2,76;-2,55;0,07;8,34
TSPOR;1,08;2,86;-0,92;-0,92;0,93
TTKOM;67,3;0,3;2,98;15,24;17,04
TTRAK;607,5;-1,78;3,4;9,26;16,94
TUCLK;5,41;1,5;2,46;21,03;12,71
TUKAS;2,9;2,84;0;6,62;17,41
TUPRS;219,8;-1,43;-4,27;8,28;19,2
TUREX;7,61;3,26;2,15;7,03;7,64
TURGG;28,38;1,36;2,53;9,66;5,82
TURSG;11,87;0,68;-0,75;0,17;0,51
UCAYM;35,92;1,18;-6,7;-;-
UFUK;1560;0,97;3,86;-8,34;-11,76
ULAS;30,2;0,53;1,14;3,71;7,17
ULKER;135,8;3,51;1,27;14,89;25,74
ULUFA;4,14;1,72;-1,66;12,5;14,36
ULUSE;194,2;5,95;3,63;19,43;19,8
ULUUN;7,59;3,55;3,13;12,61;16,59
UNLU;16,97;0,18;-0,59;12,91;2,91
USAK;1,83;0,55;-6,15;-6,15;-10,73
VAKBN;37,12;1,75;2,54;14,5;20,99
VAKFA;14,09;4,84;7,48;22,31;25,36
VAKFN;2,08;1,96;0,48;7,77;13,04
VAKKO;66,75;4,3;7,23;12,18;16,9
VANGD;60;-3,85;16,05;21,21;45
VBTYZ;22;5,77;17,84;44,64;29,87
VERTU;42,3;2,42;9,42;4,29;0
VERUS;274,25;2,43;2,81;-20,04;-24,55
VESBE;8,46;3,42;3,68;7,63;8,46
VESTL;32,08;3,95;3,22;11;11,78
VKFYO;45,66;2,93;-5,5;8,61;20,16
VKGYO;2,89;1,76;-2,03;9,06;16,53
VKING;32,6;0,62;-6,27;1,37;-1,51
VRGYO;2,51;3,72;2,87;2,87;4,58
VSNMD;96,1;0,21;7,61;7,98;7,37
YAPRK;273,5;6,42;5,5;1,3;2,05
YATAS;45,78;2,05;0,39;11,93;14,91
YAYLA;28,46;-0,84;-1,04;4,17;0,92
YBTAS;20,4;-0,97;7,37;-2,86;-4,23
YEOTK;41,48;-0,34;-5,73;16;13,52
YESIL;2;2,56;0,5;9,29;2,04
YGGYO;153,4;5,65;9,65;17,82;19,56
YGYO;1,8;0;0;40,63;40,63
YIGIT;26,08;5,59;3,99;12,71;13,89
YKBNK;39,7;3,76;-1,54;6,55;9,61
YKSLN;3,22;-0,62;-10,56;2,55;2,22
YONGA;55,75;1,36;-0,27;-6,77;-5,51
YUNSA;10,09;9,91;18,99;30,19;33,29
YYAPI;1,82;2,25;-0,55;-1,09;-1,62
YYLGD;13,9;2,66;6,76;30,03;43,15
ZEDUR;8,54;1,07;1,43;5,82;5,3
ZERGY;20,5;9,98;22,61;96,36;107,7
ZGYO;27,74;9,99;17,05;-;-
ZOREN;3,55;3,8;8,9;16,01;15,64
ZRGYO;22,64;0,71;-5,03;-5,67;-3,41
